WKT,Highway,Lat,Long
"POINT (-74.902847 38.961092)",GSP N MM 0,38.961092,-74.902847
"POINT (-74.903571 38.961688)",GSP S MM 0,38.961688,-74.903571
"POINT (-74.893756 38.973758)",GSP N MM 1,38.973758,-74.893756
"POINT (-74.894937 38.97343)",GSP S MM 1,38.97343,-74.894937
"POINT (-74.883411 38.985727)",GSP N MM 2,38.985727,-74.883411
"POINT (-74.884717 38.985298)",GSP S MM 2,38.985298,-74.884717
"POINT (-74.874993 38.998606)",GSP N MM 3,38.998606,-74.874993
"POINT (-74.877331 38.998751)",GSP S MM 3,38.998751,-74.877331
"POINT (-74.864647 39.010578)",GSP N MM 4,39.010578,-74.864647
"POINT (-74.866714 39.009867)",GSP S MM 4,39.009867,-74.866714
"POINT (-74.85478 39.022816)",GSP N MM 5,39.022816,-74.85478
"POINT (-74.856339 39.022254)",GSP S MM 5,39.022254,-74.856339
"POINT (-74.848033 39.036254)",GSP N MM 6,39.036254,-74.848033
"POINT (-74.848033 39.036254)",GSP S MM 6,39.036254,-74.848033
"POINT (-74.843353 39.050265)",GSP N MM 7,39.050265,-74.843353
"POINT (-74.844032 39.049459)",GSP S MM 7,39.049459,-74.844032
"POINT (-74.833762 39.062636)",GSP N MM 8,39.062636,-74.833762
"POINT (-74.834511 39.062151)",GSP S MM 8,39.062151,-74.834511
"POINT (-74.82309 39.074449)",GSP N MM 9,39.074449,-74.82309
"POINT (-74.823887 39.073701)",GSP S MM 9,39.073701,-74.823887
"POINT (-74.813781 39.087021)",GSP N MM 10,39.087021,-74.813781
"POINT (-74.814555 39.086257)",GSP S MM 10,39.086257,-74.814555
"POINT (-74.805727 39.100013)",GSP N MM 11,39.100013,-74.805727
"POINT (-74.806575 39.099338)",GSP S MM 11,39.099338,-74.806575
"POINT (-74.793827 39.111154)",GSP N MM 12,39.111154,-74.793827
"POINT (-74.79502 39.110566)",GSP S MM 12,39.110566,-74.79502
"POINT (-74.778948 39.119845)",GSP N MM 13,39.119845,-74.778948
"POINT (-74.780609 39.120025)",GSP S MM 13,39.120025,-74.780609
"POINT (-74.768185 39.131535)",GSP N MM 14,39.131535,-74.768185
"POINT (-74.769579 39.131238)",GSP S MM 14,39.131238,-74.769579
"POINT (-74.758932 39.144074)",GSP N MM 15,39.144074,-74.758932
"POINT (-74.760396 39.143819)",GSP S MM 15,39.143819,-74.760396
"POINT (-74.746089 39.154473)",GSP N MM 16,39.154473,-74.746089
"POINT (-74.747588 39.154237)",GSP S MM 16,39.154237,-74.747588
"POINT (-74.735173 39.166202)",GSP N MM 17,39.166202,-74.735173
"POINT (-74.736625 39.165938)",GSP S MM 17,39.165938,-74.736625
"POINT (-74.724576 39.178088)",GSP N MM 18,39.178088,-74.724576
"POINT (-74.726247 39.177851)",GSP S MM 18,39.177851,-74.726247
"POINT (-74.713918 39.189939)",GSP N MM 19,39.189939,-74.713918
"POINT (-74.715443 39.18952)",GSP S MM 19,39.18952,-74.715443
"POINT (-74.701501 39.200697)",GSP N MM 20,39.200697,-74.701501
"POINT (-74.703548 39.200302)",GSP S MM 20,39.200302,-74.703548
"POINT (-74.691063 39.212231)",GSP N MM 21,39.212231,-74.691063
"POINT (-74.693082 39.212261)",GSP S MM 21,39.212261,-74.693082
"POINT (-74.678303 39.22267)",GSP N MM 22,39.22267,-74.678303
"POINT (-74.679969 39.222448)",GSP S MM 22,39.222448,-74.679969
"POINT (-74.668296 39.234877)",GSP N MM 23,39.234877,-74.668296
"POINT (-74.670221 39.234776)",GSP S MM 23,39.234776,-74.670221
"POINT (-74.657459 39.246615)",GSP N MM 24,39.246615,-74.657459
"POINT (-74.659036 39.246346)",GSP S MM 24,39.246346,-74.659036
"POINT (-74.645665 39.257765)",GSP N MM 25,39.257765,-74.645665
"POINT (-74.647354 39.257607)",GSP S MM 25,39.257607,-74.647354
"POINT (-74.635561 39.269901)",GSP N MM 26,39.269901,-74.635561
"POINT (-74.637589 39.269968)",GSP S MM 26,39.269968,-74.637589
"POINT (-74.626348 39.28187)",GSP N MM 27,39.28187,-74.626348
"POINT (-74.627054 39.281597)",GSP S MM 27,39.281597,-74.627054
"POINT (-74.621221 39.295765)",GSP N MM 28,39.295765,-74.621221
"POINT (-74.621512 39.295832)",GSP S MM 28,39.295832,-74.621512
"POINT (-74.618793 39.309804)",GSP N MM 29,39.309804,-74.618793
"POINT (-74.619359 39.309769)",GSP S MM 29,39.309769,-74.619359
"POINT (-74.617472 39.323333)",GSP N MM 30,39.323333,-74.617472
"POINT (-74.617979 39.323523)",GSP S MM 30,39.323523,-74.617979
"POINT (-74.606985 39.335745)",GSP N MM 31,39.335745,-74.606985
"POINT (-74.607554 39.334945)",GSP S MM 31,39.334945,-74.607554
"POINT (-74.598511 39.348298)",GSP N MM 32,39.348298,-74.598511
"POINT (-74.59916 39.348082)",GSP S MM 32,39.348082,-74.59916
"POINT (-74.588375 39.360224)",GSP N MM 33,39.360224,-74.588375
"POINT (-74.589354 39.360337)",GSP S MM 33,39.360337,-74.589354
"POINT (-74.582602 39.37393)",GSP N MM 34,39.37393,-74.582602
"POINT (-74.582977 39.374059)",GSP S MM 34,39.374059,-74.582977
"POINT (-74.572522 39.386095)",GSP N MM 35,39.386095,-74.572522
"POINT (-74.573736 39.385994)",GSP S MM 35,39.385994,-74.573736
"POINT (-74.561489 39.39747)",GSP N MM 36,39.39747,-74.561489
"POINT (-74.561449 39.397718)",GSP S MM 36,39.397718,-74.561449
"POINT (-74.554649 39.410901)",GSP N MM 37,39.410901,-74.554649
"POINT (-74.554954 39.41111)",GSP S MM 37,39.41111,-74.554954
"POINT (-74.545728 39.42377)",GSP N MM 38,39.42377,-74.545728
"POINT (-74.546821 39.423669)",GSP S MM 38,39.423669,-74.546821
"POINT (-74.539406 39.43712)",GSP N MM 39,39.43712,-74.539406
"POINT (-74.539935 39.437145)",GSP S MM 39,39.437145,-74.539935
"POINT (-74.536579 39.451392)",GSP N MM 40,39.451392,-74.536579
"POINT (-74.536802 39.451505)",GSP S MM 40,39.451505,-74.536802
"POINT (-74.530713 39.464985)",GSP N MM 41,39.464985,-74.530713
"POINT (-74.53225 39.465135)",GSP S MM 41,39.465135,-74.53225
"POINT (-74.525125 39.478858)",GSP N MM 42,39.478858,-74.525125
"POINT (-74.52671 39.478929)",GSP S MM 42,39.478929,-74.52671
"POINT (-74.517059 39.491832)",GSP N MM 43,39.491832,-74.517059
"POINT (-74.518321 39.491843)",GSP S MM 43,39.491843,-74.518321
"POINT (-74.518855 39.506107)",GSP N MM 44,39.506107,-74.518855
"POINT (-74.519718 39.505809)",GSP S MM 44,39.505809,-74.519718
"POINT (-74.51546 39.520108)",GSP N MM 45,39.520108,-74.51546
"POINT (-74.516755 39.520304)",GSP S MM 45,39.520304,-74.516755
"POINT (-74.500355 39.528697)",GSP N MM 46,39.528697,-74.500355
"POINT (-74.501736 39.528728)",GSP S MM 46,39.528728,-74.501736
"POINT (-74.486321 39.538329)",GSP N MM 47,39.538329,-74.486321
"POINT (-74.487542 39.53879)",GSP S MM 47,39.53879,-74.487542
"POINT (-74.469443 39.543873)",GSP N MM 48,39.543873,-74.469443
"POINT (-74.470158 39.543598)",GSP S MM 48,39.543598,-74.470158
"POINT (-74.461643 39.556682)",GSP N MM 49,39.556682,-74.461643
"POINT (-74.462412 39.556127)",GSP S MM 49,39.556127,-74.462412
"POINT (-74.459018 39.570672)",GSP N MM 50,39.570672,-74.459018
"POINT (-74.459234 39.570317)",GSP S MM 50,39.570317,-74.459234
"POINT (-74.453889 39.584365)",GSP N MM 51,39.584365,-74.453889
"POINT (-74.454499 39.584104)",GSP S MM 51,39.584104,-74.454499
"POINT (-74.441536 39.59519)",GSP N MM 52,39.59519,-74.441536
"POINT (-74.442232 39.594894)",GSP S MM 52,39.594894,-74.442232
"POINT (-74.431303 39.607262)",GSP N MM 53,39.607262,-74.431303
"POINT (-74.43297 39.607379)",GSP S MM 53,39.607379,-74.43297
"POINT (-74.417021 39.61592)",GSP N MM 54,39.61592,-74.417021
"POINT (-74.41847 39.616373)",GSP S MM 54,39.616373,-74.41847
"POINT (-74.399964 39.622432)",GSP N MM 55,39.622432,-74.399964
"POINT (-74.40179 39.623067)",GSP S MM 55,39.623067,-74.40179
"POINT (-74.384578 39.630569)",GSP N MM 56,39.630569,-74.384578
"POINT (-74.386159 39.631017)",GSP S MM 56,39.631017,-74.386159
"POINT (-74.369136 39.638775)",GSP N MM 57,39.638775,-74.369136
"POINT (-74.370682 39.639027)",GSP S MM 57,39.639027,-74.370682
"POINT (-74.354081 39.647413)",GSP N MM 58,39.647413,-74.354081
"POINT (-74.355847 39.647704)",GSP S MM 58,39.647704,-74.355847
"POINT (-74.338275 39.655028)",GSP N MM 59,39.655028,-74.338275
"POINT (-74.340519 39.655663)",GSP S MM 59,39.655663,-74.340519
"POINT (-74.322591 39.662595)",GSP N MM 60,39.662595,-74.322591
"POINT (-74.32435 39.663085)",GSP S MM 60,39.663085,-74.32435
"POINT (-74.311464 39.673809)",GSP N MM 61,39.673809,-74.311464
"POINT (-74.312604 39.674131)",GSP S MM 61,39.674131,-74.312604
"POINT (-74.301092 39.685577)",GSP N MM 62,39.685577,-74.301092
"POINT (-74.302434 39.6862)",GSP S MM 62,39.6862,-74.302434
"POINT (-74.291498 39.698181)",GSP N MM 63,39.698181,-74.291498
"POINT (-74.292963 39.698572)",GSP S MM 63,39.698572,-74.292963
"POINT (-74.280666 39.709917)",GSP N MM 64,39.709917,-74.280666
"POINT (-74.28216 39.710359)",GSP S MM 64,39.710359,-74.28216
"POINT (-74.269785 39.722148)",GSP N MM 65,39.722148,-74.269785
"POINT (-74.271476 39.722234)",GSP S MM 65,39.722234,-74.271476
"POINT (-74.261535 39.734652)",GSP N MM 66,39.734652,-74.261535
"POINT (-74.262669 39.734966)",GSP S MM 66,39.734966,-74.262669
"POINT (-74.254452 39.747976)",GSP N MM 67,39.747976,-74.254452
"POINT (-74.255759 39.748282)",GSP S MM 67,39.748282,-74.255759
"POINT (-74.249404 39.761734)",GSP N MM 68,39.761734,-74.249404
"POINT (-74.250708 39.762171)",GSP S MM 68,39.762171,-74.250708
"POINT (-74.244332 39.775778)",GSP N MM 69,39.775778,-74.244332
"POINT (-74.245136 39.775183)",GSP S MM 69,39.775183,-74.245136
"POINT (-74.238723 39.78964)",GSP N MM 70,39.78964,-74.238723
"POINT (-74.240213 39.789676)",GSP S MM 70,39.789676,-74.240213
"POINT (-74.232152 39.802667)",GSP N MM 71,39.802667,-74.232152
"POINT (-74.23453 39.802954)",GSP S MM 71,39.802954,-74.23453
"POINT (-74.228213 39.816933)",GSP N MM 72,39.816933,-74.228213
"POINT (-74.229795 39.816921)",GSP S MM 72,39.816921,-74.229795
"POINT (-74.225138 39.831143)",GSP N MM 73,39.831143,-74.225138
"POINT (-74.226813 39.830813)",GSP S MM 73,39.830813,-74.226813
"POINT (-74.223568 39.845252)",GSP N MM 74,39.845252,-74.223568
"POINT (-74.224416 39.845479)",GSP S MM 74,39.845479,-74.224416
"POINT (-74.221335 39.859898)",GSP N MM 75,39.859898,-74.221335
"POINT (-74.222008 39.859585)",GSP S MM 75,39.859585,-74.222008
"POINT (-74.214478 39.872666)",GSP N MM 76,39.872666,-74.214478
"POINT (-74.215835 39.873113)",GSP S MM 76,39.873113,-74.215835
"POINT (-74.212017 39.886945)",GSP N MM 77,39.886945,-74.212017
"POINT (-74.212845 39.887219)",GSP S MM 77,39.887219,-74.212845
"POINT (-74.211545 39.901202)",GSP N MM 78,39.901202,-74.211545
"POINT (-74.212202 39.901785)",GSP S MM 78,39.901785,-74.212202
"POINT (-74.210981 39.91537)",GSP N MM 79,39.91537,-74.210981
"POINT (-74.21159 39.916255)",GSP S MM 79,39.916255,-74.21159
"POINT (-74.208249 39.929654)",GSP N MM 80,39.929654,-74.208249
"POINT (-74.20904 39.930396)",GSP S MM 80,39.930396,-74.20904
"POINT (-74.208314 39.944735)",GSP N MM 81,39.944735,-74.208314
"POINT (-74.208626 39.944256)",GSP S MM 81,39.944256,-74.208626
"POINT (-74.206083 39.958836)",GSP N MM 82,39.958836,-74.206083
"POINT (-74.206302 39.959507)",GSP S MM 82,39.959507,-74.206302
"POINT (-74.20986 39.972797)",GSP N MM 83,39.972797,-74.20986
"POINT (-74.210375 39.973392)",GSP S MM 83,39.973392,-74.210375
"POINT (-74.21126 39.986585)",GSP N MM 84,39.986585,-74.21126
"POINT (-74.211443 39.986839)",GSP S MM 84,39.986839,-74.211443
"POINT (-74.204167 40.000203)",GSP N MM 85,40.000203,-74.204167
"POINT (-74.204585 40.000215)",GSP S MM 85,40.000215,-74.204585
"POINT (-74.190296 40.009829)",GSP N MM 86,40.009829,-74.190296
"POINT (-74.190511 40.010031)",GSP S MM 86,40.010031,-74.190511
"POINT (-74.184019 40.023127)",GSP N MM 87,40.023127,-74.184019
"POINT (-74.184348 40.023198)",GSP S MM 87,40.023198,-74.184348
"POINT (-74.179898 40.037269)",GSP N MM 88,40.037269,-74.179898
"POINT (-74.180553 40.037382)",GSP S MM 88,40.037382,-74.180553
"POINT (-74.17158 40.049803)",GSP N MM 89,40.049803,-74.17158
"POINT (-74.172255 40.050124)",GSP S MM 89,40.050124,-74.172255
"POINT (-74.163382 40.062837)",GSP N MM 90,40.062837,-74.163382
"POINT (-74.164025 40.062957)",GSP S MM 90,40.062957,-74.164025
"POINT (-74.15611 40.076098)",GSP N MM 91,40.076098,-74.15611
"POINT (-74.156385 40.076287)",GSP S MM 91,40.076287,-74.156385
"POINT (-74.148099 40.088926)",GSP N MM 92,40.088926,-74.148099
"POINT (-74.148511 40.089093)",GSP S MM 92,40.089093,-74.148511
"POINT (-74.139207 40.101704)",GSP N MM 93,40.101704,-74.139207
"POINT (-74.130505 40.114964)",GSP N MM 94,40.114964,-74.130505
"POINT (-74.131557 40.115069)",GSP S MM 94,40.115069,-74.131557
"POINT (-74.124087 40.128703)",GSP N MM 95,40.128703,-74.124087
"POINT (-74.12534 40.127845)",GSP S MM 95,40.127845,-74.12534
"POINT (-74.112778 40.138356)",GSP N MM 96,40.138356,-74.112778
"POINT (-74.113475 40.139522)",GSP S MM 96,40.139522,-74.113475
"POINT (-74.112803 40.138288)",GSP N MM 96,40.138288,-74.112803
"POINT (-74.113517 40.139524)",GSP S MM 96,40.139524,-74.113517
"POINT (-74.104949 40.151844)",GSP N MM 97,40.151844,-74.104949
"POINT (-74.105751 40.152683)",GSP S MM 97,40.152683,-74.105751
"POINT (-74.100834 40.166313)",GSP N MM 98,40.166313,-74.100834
"POINT (-74.101931 40.166744)",GSP S MM 98,40.166744,-74.101931
"POINT (-74.099679 40.181169)",GSP N MM 99,40.181169,-74.099679
"POINT (-74.101247 40.180666)",GSP S MM 99,40.180666,-74.101247
"POINT (-74.099032 40.194923)",GSP N MM 100,40.194923,-74.099032
"POINT (-74.100385 40.195134)",GSP S MM 100,40.195134,-74.100385
"POINT (-74.09729 40.209441)",GSP N MM 101,40.209441,-74.09729
"POINT (-74.098632 40.209934)",GSP S MM 101,40.209934,-74.098632
"POINT (-74.096536 40.224601)",GSP N MM 102,40.224601,-74.096536
"POINT (-74.098498 40.224351)",GSP S MM 102,40.224351,-74.098498
"POINT (-74.088597 40.237609)",GSP N MM 103,40.237609,-74.088597
"POINT (-74.089902 40.238093)",GSP S MM 103,40.238093,-74.089902
"POINT (-74.081712 40.251178)",GSP N MM 104,40.251178,-74.081712
"POINT (-74.082202 40.251213)",GSP S MM 104,40.251213,-74.082202
"POINT (-74.077989 40.265158)",GSP N MM 105 LOCAL,40.265158,-74.077989
"POINT (-74.078208 40.265197)",GSP N MM 105 EXPRESS,40.265197,-74.078208
"POINT (-74.079343 40.26538)",GSP S MM 105 LOCAL,40.26538,-74.079343
"POINT (-74.079153 40.265356)",GSP S MM 105 EXPRESS,40.265356,-74.079153
"POINT (-74.082091 40.279066)",GSP N MM 106 LOCAL,40.279066,-74.082091
"POINT (-74.082463 40.278862)",GSP N MM 106 EXPRESS,40.278862,-74.082463
"POINT (-74.084502 40.278705)",GSP S MM 106 LOCAL,40.278705,-74.084502
"POINT (-74.083997 40.278957)",GSP S MM 106 EXPRESS,40.278957,-74.083997
"POINT (-74.090395 40.292115)",GSP N MM 107 LOCAL,40.292115,-74.090395
"POINT (-74.090715 40.292022)",GSP N MM 107 EXPRESS,40.292022,-74.090715
"POINT (-74.091732 40.291929)",GSP S MM 107 LOCAL,40.291929,-74.091732
"POINT (-74.091434 40.291993)",GSP S MM 107 EXPRESS,40.291993,-74.091434
"POINT (-74.093373 40.306364)",GSP N MM 108 LOCAL,40.306364,-74.093373
"POINT (-74.093618 40.306301)",GSP N MM 108 EXPRESS,40.306301,-74.093618
"POINT (-74.094596 40.306252)",GSP S MM 108 LOCAL,40.306252,-74.094596
"POINT (-74.094318 40.306282)",GSP S MM 108 EXPRESS,40.306282,-74.094318
"POINT (-74.097713 40.320406)",GSP N MM 109 LOCAL,40.320406,-74.097713
"POINT (-74.097982 40.320391)",GSP N MM 109 EXPRESS,40.320391,-74.097982
"POINT (-74.098739 40.320379)",GSP S MM 109 LOCAL,40.320379,-74.098739
"POINT (-74.098476 40.320387)",GSP S MM 109 EXPRESS,40.320387,-74.098476
"POINT (-74.098886 40.334875)",GSP N MM 110 LOCAL,40.334875,-74.098886
"POINT (-74.099092 40.334811)",GSP N MM 110 EXPRESS,40.334811,-74.099092
"POINT (-74.099884 40.3346)",GSP S MM 110 LOCAL,40.3346,-74.099884
"POINT (-74.099695 40.334662)",GSP S MM 110 EXPRESS,40.334662,-74.099695
"POINT (-74.110978 40.344744)",GSP N MM 111 LOCAL,40.344744,-74.110978
"POINT (-74.111096 40.344599)",GSP N MM 111 EXPRESS,40.344599,-74.111096
"POINT (-74.112199 40.344636)",GSP S MM 111 LOCAL,40.344636,-74.112199
"POINT (-74.112097 40.3448)",GSP S MM 111 EXPRESS,40.3448,-74.112097
"POINT (-74.123604 40.355488)",GSP N MM 112 LOCAL,40.355488,-74.123604
"POINT (-74.123715 40.355331)",GSP N MM 112 EXPRESS,40.355331,-74.123715
"POINT (-74.125178 40.355158)",GSP S MM 112 LOCAL,40.355158,-74.125178
"POINT (-74.125079 40.355307)",GSP S MM 112 EXPRESS,40.355307,-74.125079
"POINT (-74.138798 40.363913)",GSP N MM 113 LOCAL,40.363913,-74.138798
"POINT (-74.138959 40.363794)",GSP N MM 113 EXPRESS,40.363794,-74.138959
"POINT (-74.140221 40.364017)",GSP S MM 113 LOCAL,40.364017,-74.140221
"POINT (-74.14002 40.364114)",GSP S MM 113 EXPRESS,40.364114,-74.14002
"POINT (-74.147928 40.376287)",GSP N MM 114 LOCAL,40.376287,-74.147928
"POINT (-74.148237 40.375953)",GSP N MM 114 EXPRESS,40.375953,-74.148237
"POINT (-74.150367 40.376637)",GSP S MM 114 LOCAL,40.376637,-74.150367
"POINT (-74.150276 40.376781)",GSP S MM 114 EXPRESS,40.376781,-74.150276
"POINT (-74.164301 40.383389)",GSP N MM 115 LOCAL,40.383389,-74.164301
"POINT (-74.164475 40.383093)",GSP N MM 115 EXPRESS,40.383093,-74.164475
"POINT (-74.167206 40.38286)",GSP S MM 115 LOCAL,40.38286,-74.167206
"POINT (-74.167219 40.383121)",GSP S MM 115 EXPRESS,40.383121,-74.167219
"POINT (-74.179793 40.390713)",GSP N MM 116 LOCAL,40.390713,-74.179793
"POINT (-74.180011 40.390613)",GSP N MM 116 EXPRESS,40.390613,-74.180011
"POINT (-74.1813 40.391181)",GSP S MM 116 LOCAL,40.391181,-74.1813
"POINT (-74.181061 40.39126)",GSP S MM 116 EXPRESS,40.39126,-74.181061
"POINT (-74.191325 40.402511)",GSP N MM 117 LOCAL,40.402511,-74.191325
"POINT (-74.191494 40.402299)",GSP N MM 117 EXPRESS,40.402299,-74.191494
"POINT (-74.192824 40.401851)",GSP S MM 117 LOCAL,40.401851,-74.192824
"POINT (-74.192621 40.402048)",GSP S MM 117 EXPRESS,40.402048,-74.192621
"POINT (-74.20034 40.414151)",GSP N MM 118 LOCAL,40.414151,-74.20034
"POINT (-74.200903 40.414002)",GSP N MM 118 EXPRESS,40.414002,-74.200903
"POINT (-74.203405 40.413693)",GSP S MM 118 LOCAL,40.413693,-74.203405
"POINT (-74.202425 40.414112)",GSP S MM 118 EXPRESS,40.414112,-74.202425
"POINT (-74.216063 40.422951)",GSP N MM 119 LOCAL,40.422951,-74.216063
"POINT (-74.216155 40.422794)",GSP N MM 119 EXPRESS,40.422794,-74.216155
"POINT (-74.217725 40.423208)",GSP S MM 119 LOCAL,40.423208,-74.217725
"POINT (-74.217599 40.423353)",GSP S MM 119 EXPRESS,40.423353,-74.217599
"POINT (-74.231931 40.428908)",GSP N MM 120 LOCAL,40.428908,-74.231931
"POINT (-74.231848 40.428767)",GSP N MM 120 EXPRESS,40.428767,-74.231848
"POINT (-74.234603 40.428484)",GSP S MM 120 LOCAL,40.428484,-74.234603
"POINT (-74.234588 40.428649)",GSP S MM 120 EXPRESS,40.428649,-74.234588
"POINT (-74.24914 40.433737)",GSP N MM 121 LOCAL,40.433737,-74.24914
"POINT (-74.249271 40.433632)",GSP N MM 121 EXPRESS,40.433632,-74.249271
"POINT (-74.251428 40.434202)",GSP S MM 121 LOCAL,40.434202,-74.251428
"POINT (-74.251391 40.434395)",GSP S MM 121 EXPRESS,40.434395,-74.251391
"POINT (-74.264305 40.442674)",GSP N MM 122 LOCAL,40.442674,-74.264305
"POINT (-74.264445 40.442541)",GSP N MM 122 EXPRESS,40.442541,-74.264445
"POINT (-74.266429 40.443216)",GSP S MM 122 LOCAL,40.443216,-74.266429
"POINT (-74.266243 40.443321)",GSP S MM 122 EXPRESS,40.443321,-74.266243
"POINT (-74.273979 40.455261)",GSP N MM 123 LOCAL,40.455261,-74.273979
"POINT (-74.274126 40.455195)",GSP N MM 123 EXPRESS,40.455195,-74.274126
"POINT (-74.275291 40.45594)",GSP S MM 123 LOCAL,40.45594,-74.275291
"POINT (-74.275142 40.456023)",GSP S MM 123 EXPRESS,40.456023,-74.275142
"POINT (-74.286604 40.465865)",GSP N MM 124 LOCAL,40.465865,-74.286604
"POINT (-74.286831 40.465603)",GSP N MM 124 EXPRESS,40.465603,-74.286831
"POINT (-74.28961 40.465413)",GSP S MM 124 LOCAL,40.465413,-74.28961
"POINT (-74.28941 40.465569)",GSP S MM 124 EXPRESS,40.465569,-74.28941
"POINT (-74.29914 40.476756)",GSP N MM 125 LOCAL,40.476756,-74.29914
"POINT (-74.29931 40.476663)",GSP N MM 125 EXPRESS,40.476663,-74.29931
"POINT (-74.300474 40.477752)",GSP S MM 125 LOCAL,40.477752,-74.300474
"POINT (-74.300267 40.477785)",GSP S MM 125 EXPRESS,40.477785,-74.300267
"POINT (-74.301279 40.490582)",GSP N MM 126,40.490582,-74.301279
"POINT (-74.301673 40.490695)",GSP S MM 126,40.490695,-74.301673
"POINT (-74.301149 40.504106)",GSP N MM 127 EXIT,40.504106,-74.301149
"POINT (-74.301402 40.504114)",GSP N MM 127,40.504114,-74.301402
"POINT (-74.301616 40.505092)",GSP S MM 127,40.505092,-74.301616
"POINT (-74.300928 40.519494)",GSP N MM 128,40.519494,-74.300928
"POINT (-74.301211 40.519515)",GSP S MM 128,40.519515,-74.301211
"POINT (-74.299347 40.532608)",GSP N MM 129,40.532608,-74.299347
"POINT (-74.300818 40.533692)",GSP S MM 129,40.533692,-74.300818
"POINT (-74.310853 40.54429)",GSP N MM 130,40.54429,-74.310853
"POINT (-74.312402 40.545891)",GSP S MM 130,40.545891,-74.312402
"POINT (-74.319443 40.557476)",GSP N MM 131,40.557476,-74.319443
"POINT (-74.320783 40.558834)",GSP S MM 131,40.558834,-74.320783
"POINT (-74.327852 40.570428)",GSP N MM 132,40.570428,-74.327852
"POINT (-74.329044 40.571551)",GSP S MM 132,40.571551,-74.329044
"POINT (-74.32911 40.584221)",GSP N MM 133,40.584221,-74.32911
"POINT (-74.328611 40.585666)",GSP S MM 133,40.585666,-74.328611
"POINT (-74.320095 40.59694)",GSP N MM 134,40.59694,-74.320095
"POINT (-74.319605 40.598265)",GSP S MM 134,40.598265,-74.319605
"POINT (-74.312396 40.610175)",GSP N MM 135,40.610175,-74.312396
"POINT (-74.312266 40.611926)",GSP S MM 135,40.611926,-74.312266
"POINT (-74.307375 40.624059)",GSP N MM 136,40.624059,-74.307375
"POINT (-74.306441 40.625319)",GSP S MM 136,40.625319,-74.306441
"POINT (-74.294702 40.634929)",GSP N MM 137,40.634929,-74.294702
"POINT (-74.292805 40.637075)",GSP S MM 137,40.637075,-74.292805
"POINT (-74.287192 40.647915)",GSP N MM 138,40.647915,-74.287192
"POINT (-74.287409 40.650615)",GSP S MM 138,40.650615,-74.287409
"POINT (-74.286896 40.662313)",GSP N MM 139,40.662313,-74.286896
"POINT (-74.286487 40.664662)",GSP S MM 139,40.664662,-74.286487
"POINT (-74.279274 40.675584)",GSP N MM 140,40.675584,-74.279274
"POINT (-74.278805 40.677683)",GSP S MM 140,40.677683,-74.278805
"POINT (-74.27165 40.68879)",GSP N MM 141,40.68879,-74.27165
"POINT (-74.270713 40.689725)",GSP S MM 141,40.689725,-74.270713
"POINT (-74.256867 40.69713)",GSP N MM 142,40.69713,-74.256867
"POINT (-74.255424 40.698065)",GSP S MM 142,40.698065,-74.255424
"POINT (-74.245141 40.707694)",GSP N MM 143,40.707694,-74.245141
"POINT (-74.244982 40.709404)",GSP S MM 143,40.709404,-74.244982
"POINT (-74.235004 40.718972)",GSP N MM 144,40.718972,-74.235004
"POINT (-74.233565 40.719945)",GSP S MM 144,40.719945,-74.233565
"POINT (-74.223436 40.729469)",GSP N MM 145,40.729469,-74.223436
"POINT (-74.222646 40.730698)",GSP S MM 145,40.730698,-74.222646
"POINT (-74.214706 40.742229)",GSP N MM 146,40.742229,-74.214706
"POINT (-74.214615 40.742796)",GSP S MM 146,40.742796,-74.214615
"POINT (-74.20981 40.756289)",GSP N MM 147,40.756289,-74.20981
"POINT (-74.209542 40.757718)",GSP S MM 147,40.757718,-74.209542
"POINT (-74.204405 40.769968)",GSP N MM 148,40.769968,-74.204405
"POINT (-74.204756 40.771431)",GSP S MM 148,40.771431,-74.204756
"POINT (-74.201042 40.783717)",GSP N MM 149,40.783717,-74.201042
"POINT (-74.200587 40.78514)",GSP S MM 149,40.78514,-74.200587
"POINT (-74.19155 40.795865)",GSP N MM 150,40.795865,-74.19155
"POINT (-74.19122 40.797329)",GSP S MM 150,40.797329,-74.19122
"POINT (-74.181437 40.809053)",GSP N MM 151,40.809053,-74.181437
"POINT (-74.181084 40.809917)",GSP S MM 151,40.809917,-74.181084
"POINT (-74.176562 40.822225)",GSP N MM 152,40.822225,-74.176562
"POINT (-74.176373 40.823669)",GSP S MM 152,40.823669,-74.176373
"POINT (-74.179362 40.836295)",GSP N MM 153,40.836295,-74.179362
"POINT (-74.179813 40.837685)",GSP S MM 153,40.837685,-74.179813
"POINT (-74.17704 40.849986)",GSP N MM 154,40.849986,-74.17704
"POINT (-74.177354 40.851659)",GSP S MM 154,40.851659,-74.177354
"POINT (-74.171921 40.863855)",GSP N MM 155,40.863855,-74.171921
"POINT (-74.17101 40.865597)",GSP S MM 155,40.865597,-74.17101
"POINT (-74.166064 40.87759)",GSP N MM 156,40.87759,-74.166064
"POINT (-74.166373 40.879756)",GSP S MM 156,40.879756,-74.166373
"POINT (-74.153272 40.886234)",GSP N MM 157,40.886234,-74.153272
"POINT (-74.152151 40.886672)",GSP S MM 157,40.886672,-74.152151
"POINT (-74.134844 40.889394)",GSP N MM 158,40.889394,-74.134844
"POINT (-74.13298 40.889686)",GSP S MM 158,40.889686,-74.13298
"POINT (-74.118322 40.894982)",GSP N MM 159,40.894982,-74.118322
"POINT (-74.117506 40.896067)",GSP S MM 159,40.896067,-74.117506
"POINT (-74.105572 40.905138)",GSP N MM 160,40.905138,-74.105572
"POINT (-74.103654 40.906129)",GSP S MM 160,40.906129,-74.103654
"POINT (-74.089717 40.913296)",GSP N MM 161,40.913296,-74.089717
"POINT (-74.089101 40.914938)",GSP S MM 161,40.914938,-74.089101
"POINT (-74.077604 40.923699)",GSP N MM 162,40.923699,-74.077604
"POINT (-74.07612 40.924646)",GSP S MM 162,40.924646,-74.07612
"POINT (-74.072486 40.936532)",GSP N MM 163,40.936532,-74.072486
"POINT (-74.0723 40.937873)",GSP S MM 163,40.937873,-74.0723
"POINT (-74.065924 40.949939)",GSP N MM 164,40.949939,-74.065924
"POINT (-74.066183 40.951184)",GSP S MM 164,40.951184,-74.066183
"POINT (-74.064929 40.964339)",GSP N MM 165,40.964339,-74.064929
"POINT (-74.065423 40.965567)",GSP S MM 165,40.965567,-74.065423
"POINT (-74.070584 40.97785)",GSP N MM 166,40.97785,-74.070584
"POINT (-74.070997 40.979123)",GSP S MM 166,40.979123,-74.070997
"POINT (-74.072806 40.992061)",GSP N MM 167,40.992061,-74.072806
"POINT (-74.073232 40.993665)",GSP S MM 167,40.993665,-74.073232
"POINT (-74.069971 41.006142)",GSP N MM 168,41.006142,-74.069971
"POINT (-74.069971 41.006142)",GSP S MM 168,41.006142,-74.069971
"POINT (-74.068655 41.020532)",GSP N MM 169,41.020532,-74.068655
"POINT (-74.069462 41.021278)",GSP S MM 169,41.021278,-74.069462
"POINT (-74.071097 41.035065)",GSP N MM 170,41.035065,-74.071097
"POINT (-74.072148 41.035819)",GSP S MM 170,41.035819,-74.072148
"POINT (-74.065711 41.047837)",GSP N MM 171,41.047837,-74.065711
"POINT (-74.066673 41.049238)",GSP S MM 171,41.049238,-74.066673
"POINT (-74.062852 41.061483)",GSP N MM 172,41.061483,-74.062852
"POINT (-74.061496 41.062994)",GSP S MM 172,41.062994,-74.061496
