WKT,Highway,Direction,Exit,Number,MM,Coordinates,unnamed (1)
"POINT (-74.903541 38.961808)",GSP,S,EXIT,0,MM 0,38.961808, -74.903541,Garden State Parkway S Exit 0
"POINT (-74.868487 39.005127)",GSP,N,EXIT,4,MM 3.6,39.005127, -74.868487,Garden State Parkway N Exit 4
"POINT (-74.864842 39.012279)",GSP,S,EXIT,4b,MM 4.1,39.012279, -74.864842,Garden State Parkway S Exit 4b
"POINT (-74.867716 39.008904)",GSP,S,EXIT,4a,MM 3.9,39.008904, -74.867716,Garden State Parkway S Exit 4a
"POINT (-74.867716 39.008904)",GSP,S,EXIT,6,MM 6.5,39.008904, -74.867716,Garden State Parkway S Exit 6
"POINT (-74.833254 39.063105)",GSP,N,EXIT,9,MM 8.1,39.063105, -74.833254,Garden State Parkway N Exit 9
"POINT (-74.82746 39.069704)",GSP,S,EXIT,9,MM 8.6,39.069704, -74.827460,Garden State Parkway S Exit 9
"POINT (-74.816983 39.082561)",GSP,N,EXIT,10,MM 9.6,39.082561, -74.816983,Garden State Parkway N Exit 10
"POINT (-74.813618 39.087818)",GSP,S,EXIT,10,MM 10.1,39.087818, -74.813618,Garden State Parkway S Exit 10
"POINT (-74.80839 39.096601)",GSP,N,EXIT,11,MM 10.8,39.096601, -74.808390,Garden State Parkway N Exit 11
"POINT (-74.802984 39.103024)",GSP,S,EXIT,11,MM 11.1,39.103024, -74.802984,Garden State Parkway S Exit 11
"POINT (-74.77134 39.126656)",GSP,N,EXIT,13,MM 13.7,39.126656, -74.771340,Garden State Parkway N Exit 13
"POINT (-74.771272 39.128724)",GSP,S,EXIT,13,MM 13.8,39.128724, -74.771272,Garden State Parkway S Exit 13
"POINT (-74.730622 39.171748)",GSP,S,EXIT,17,MM 17.5,39.171748, -74.730622,Garden State Parkway S Exit 17
"POINT (-74.700026 39.202292)",GSP,N,EXIT,20,MM 20.2,39.202292, -74.700026,Garden State Parkway N Exit 20
"POINT (-74.644508 39.259082)",GSP,N,EXIT,25,MM 25.1,39.259082, -74.644508,Garden State Parkway N Exit 25
"POINT (-74.641196 39.265422)",GSP,S,EXIT,25,MM 25.6,39.265422, -74.641196,Garden State Parkway S Exit 25
"POINT (-74.617952 39.30706)",GSP,N,EXIT,29,MM 28.8,39.307060, -74.617952,Garden State Parkway N Exit 29
"POINT (-74.182906 40.393247)",GSP,S,Exit,116,MM 116.2,40.393247, -74.182906,Garden State Parkway S Exit 116
"POINT (-74.204578 40.418597)",GSP,N,Exit,117,MM 118.4,40.418597, -74.204578,Garden State Parkway N Exit 117
"POINT (-74.211723 40.420353)",GSP,S,Exit,117,MM 118.6,40.420353, -74.211723,Garden State Parkway S Exit 117
"POINT (-74.215893 40.421984)",GSP,S,Exit,118,MM 118.9,40.421984, -74.215893,Garden State Parkway S Exit 118
"POINT (-74.251656 40.435547)",GSP,N,Exit,120,MM 121.2,40.435547, -74.251656,Garden State Parkway N Exit 120
"POINT (-74.253437 40.435514)",GSP,S,Exit,120,MM 121.2,40.435514, -74.253437,Garden State Parkway S Exit 120
"POINT (-74.298535 40.474182)",GSP,S,Exit,123,MM 124.8,40.474182, -74.298535,Garden State Parkway S Exit 123
"POINT (-74.302059 40.483888)",GSP,N,SPLIT,EXPRESS & LOCAL END,MM 125.6,40.483888, -74.302059,Garden State Parkway N Exit EXPRESS & LOCAL END
"POINT (-74.301416 40.479956)",GSP,S,SPLIT,EXPRESS & LOCAL,MM 125.1,40.479956, -74.301416,Garden State Parkway S Exit EXPRESS & LOCAL
"POINT (-74.301962 40.48992)",GSP,S,Exit,124,MM 125.9,40.489920, -74.301962,Garden State Parkway S Exit 124
"POINT (-74.301523 40.489806)",GSP,N,Exit,125,MM 126,40.489806, -74.301523,Garden State Parkway N Exit 125
"POINT (-74.301447 40.499841)",GSP,S,Exit,125,MM 126.7,40.499841, -74.301447,Garden State Parkway S Exit 125
"POINT (-74.300846 40.516203)",GSP,N,Exit,127,MM 127.8,40.516203, -74.300846,Garden State Parkway N Exit 127
"POINT (-74.302943 40.535685)",GSP,N,Exit,129,MM 129.3,40.535685, -74.302943,Garden State Parkway N Exit 129
"POINT (-74.310788 40.543802)",GSP,S,Exit,129,MM 129.9,40.543802, -74.310788,Garden State Parkway S Exit 129
"POINT (-74.319494 40.556524)",GSP,S,Exit,130,MM 130.8,40.556524, -74.319494,Garden State Parkway S Exit 130
"POINT (-74.322375 40.562612)",GSP,N,Exit,131a,MM 131.4,40.562612, -74.322375,Garden State Parkway N Exit 131a
"POINT (-74.323351 40.563358)",GSP,S,Exit,131,MM 131.4,40.563358, -74.323351,Garden State Parkway S Exit 131
"POINT (-74.326586 40.568823)",GSP,N,Exit,131b,MM 131.9,40.568823, -74.326586,Garden State Parkway N Exit 131b
"POINT (-74.328662 40.571463)",GSP,N,Exit,132,MM 132.1,40.571463, -74.328662,Garden State Parkway N Exit 132
"POINT (-74.329729 40.572621)",GSP,S,Exit,132,MM 132.1,40.572621, -74.329729,Garden State Parkway S Exit 132
"POINT (-74.306602 40.624814)",GSP,N,EXIT,135,MM 136.1,40.624814, -74.306602,Garden State Parkway N Exit 135
"POINT (-74.302756 40.628599)",GSP,S,EXIT,135,MM 136.2,40.628599, -74.302756,Garden State Parkway S Exit 135
"POINT (-74.290208 40.639842)",GSP,N,EXIT,136,MM 137.4,40.639842, -74.290208,Garden State Parkway N Exit 136
"POINT (-74.287859 40.64501)",GSP,S,EXIT,136,MM 137.6,40.645010, -74.287859,Garden State Parkway S Exit 136
"POINT (-74.287057 40.659723)",GSP,N,EXIT,137,MM 138.8,40.659723, -74.287057,Garden State Parkway N Exit 137
"POINT (-74.28725 40.661807)",GSP,S,EXIT,137,MM 138.9,40.661807, -74.287250,Garden State Parkway S Exit 137
"POINT (-74.278516 40.677816)",GSP,N,EXIT,138,MM 140.2,40.677816, -74.278516,Garden State Parkway N Exit 138
"POINT (-74.278334 40.679411)",GSP,S,EXIT,138,MM 140.2,40.679411, -74.278334,Garden State Parkway S Exit 138
"POINT (-74.273385 40.687237)",GSP,N,EXIT,139a,MM 140.9,40.687237, -74.273385,Garden State Parkway N Exit 139a
"POINT (-74.2689 40.69045)",GSP,N,EXIT,139b,MM 141.2,40.690450, -74.268900,Garden State Parkway N Exit 139b
"POINT (-74.267205 40.691304)",GSP,N,EXIT,140,MM 141.3,40.691304, -74.267205,Garden State Parkway N Exit 140
"POINT (-74.260038 40.695746)",GSP,S,EXIT,140a,MM 141.7,40.695746, -74.260038,Garden State Parkway S Exit 140a
"POINT (-74.257538 40.697047)",GSP,S,EXIT,140b,MM 141.9,40.697047, -74.257538,Garden State Parkway S Exit 140b
"POINT (-74.253069 40.699274)",GSP,S,EXIT,141,MM 142.1,40.699274, -74.253069,Garden State Parkway S Exit 141
"POINT (-74.24778 40.702011)",GSP,N,EXIT,142a,MM 142.6,40.702011, -74.247780,Garden State Parkway N Exit 142a
"POINT (-74.245545 40.705598)",GSP,N,EXIT,142b,MM 142.9,40.705598, -74.245545,Garden State Parkway N Exit 142b
"POINT (-74.244908 40.708643)",GSP,N,EXIT,142c,MM 142.1,40.708643, -74.244908,Garden State Parkway N Exit 142c
"POINT (-74.244516 40.71103)",GSP,S,EXIT,142a,MM 143.1,40.711030, -74.244516,Garden State Parkway S Exit 142a
"POINT (-74.243807 40.712705)",GSP,S,EXIT,142b,MM 143.2,40.712705, -74.243807,Garden State Parkway S Exit 142b
"POINT (-74.235183 40.71892)",GSP,N,EXIT,143,MM 144,40.718920, -74.235183,Garden State Parkway N Exit 143
"POINT (-74.232704 40.720744)",GSP,S,EXIT,143a,MM 144,40.720744, -74.232704,Garden State Parkway S Exit 143a
"POINT (-74.229948 40.723732)",GSP,S,EXIT,143b,MM 144.3,40.723732, -74.229948,Garden State Parkway S Exit 143b
"POINT (-74.216995 40.738547)",GSP,N,EXIT,144,MM 145.8,40.738547, -74.216995,Garden State Parkway N Exit 144
"POINT (-74.215914 40.740582)",GSP,S,EXIT,144,MM 145.8,40.740582, -74.215914,Garden State Parkway S Exit 144
"POINT (-74.210792 40.753319)",GSP,N,EXIT,145,MM 146.8,40.753319, -74.210792,Garden State Parkway N Exit 145
"POINT (-74.209073 40.759105)",GSP,S,EXIT,145,MM 147.1,40.759105, -74.209073,Garden State Parkway S Exit 145
"POINT (-74.202016 40.776532)",GSP,S,EXIT,147,MM 148.3,40.776532, -74.202016,Garden State Parkway S Exit 147
"POINT (-74.201243 40.78222)",GSP,N,EXIT,148,MM 148.9,40.782220, -74.201243,Garden State Parkway N Exit 148
"POINT (-74.192249 40.79414)",GSP,S,EXIT,148,MM 149.7,40.794140, -74.192249,Garden State Parkway S Exit 148
"POINT (-74.1899 40.798757)",GSP,S,EXIT,149,MM 150.2,40.798757, -74.189900,Garden State Parkway S Exit 149
"POINT (-74.182206 40.807809)",GSP,N,EXIT,150,MM 151,40.807809, -74.182206,Garden State Parkway N Exit 150
"POINT (-74.175566 40.825807)",GSP,N,EXIT,151,MM 152.3,40.825807, -74.175566,Garden State Parkway N Exit 151
"POINT (-74.178574 40.831034)",GSP,S,EXIT,151,MM 152.5,40.831034, -74.178574,Garden State Parkway S Exit 151
"POINT (-74.178069 40.848898)",GSP,N,EXIT,153a,MM 153.9,40.848898, -74.178069,Garden State Parkway N Exit 153a
"POINT (-74.176474 40.853131)",GSP,S,EXIT,153,MM 154.1,40.853131, -74.176474,Garden State Parkway S Exit 153
"POINT (-74.174655 40.853111)",GSP,N,EXIT,153b,MM 154.3,40.853111, -74.174655,Garden State Parkway N Exit 153b
"POINT (-74.166496 40.874296)",GSP,N,EXIT,154,MM 155.8,40.874296, -74.166496,Garden State Parkway N Exit 154
"POINT (-74.165505 40.88205)",GSP,S,EXIT,154,MM 156.2,40.882050, -74.165505,Garden State Parkway S Exit 154
"POINT (-74.163437 40.883195)",GSP,N,EXIT,155b,MM 156.4,40.883195, -74.163437,Garden State Parkway N Exit 155b
"POINT (-74.135409 40.889331)",GSP,N,EXIT,156,MM 158,40.889331, -74.135409,Garden State Parkway N Exit 156
"POINT (-74.169599 40.052237)",GSP,N,EXIT,89ab,MM 89.3,40.052237, -74.169599,Garden State Parkway N Exit 89ab
"POINT (-74.166023 40.056531)",GSP,N,EXIT,89a,MM 89,40.056531, -74.166023,Garden State Parkway N Exit 89a
"POINT (-74.163845 40.060856)",GSP,N,EXIT,89b,MM 89,40.060856, -74.163845,Garden State Parkway N Exit 89b
"POINT (-74.156326 40.074719)",GSP,N,EXIT,90,MM 91,40.074719, -74.156326,Garden State Parkway N Exit 90
"POINT (-74.143593 40.095093)",GSP,N,EXIT,91,MM 92.5,40.095093, -74.143593,Garden State Parkway N Exit 91
"POINT (-74.101641 40.162946)",GSP,N,EXIT,98,MM 97.8,40.162946, -74.101641,Garden State Parkway N Exit 98
"POINT (-74.097271 40.208686)",GSP,N,EXIT,100a,MM 101,40.208686, -74.097271,Garden State Parkway N Exit 100a
"POINT (-74.097562 40.217458)",GSP,N,EXIT,100b,MM 101.5,40.217458, -74.097562,Garden State Parkway N Exit 100b
"POINT (-74.097453 40.219887)",GSP,N,EXIT,100c,MM 101.7,40.219887, -74.097453,Garden State Parkway N Exit 100c
"POINT (-74.080383 40.253999)",GSP,N,SPLIT,EXPRESS & LOCAL,MM 103.6,40.253999, -74.080383,Garden State Parkway N Exit EXPRESS & LOCAL
"POINT (-74.082384 40.250307)",GSP,S,SPLIT,EXPRESS & LOCAL END,MM 104,40.250307, -74.082384,Garden State Parkway S Exit EXPRESS & LOCAL END
"POINT (-74.081989 40.278912)",GSP,N,EXIT,105,MM 106,40.278912, -74.081989,Garden State Parkway N Exit 105
"POINT (-74.143248 40.370003)",GSP,N,EXIT,114,MM 113.5,40.370003, -74.143248,Garden State Parkway N Exit 114
"POINT (-74.098575 40.334024)",GSP,N,EXIT,109,MM 110,40.334024, -74.098575,Garden State Parkway N Exit 109
"POINT (-74.152928 40.377842)",GSP,S,EXIT,114,MM 114.1,40.377842, -74.152928,Garden State Parkway S Exit 114
"POINT (-74.103252 40.340277)",GSP,S,EXIT,109,MM 110.4,40.340277, -74.103252,Garden State Parkway S Exit 109
"POINT (-74.091303 40.289614)",GSP,S,EXIT,105,MM 106.8,40.289614, -74.091303,Garden State Parkway S Exit 105
"POINT (-74.089231 40.239003)",GSP,S,EXIT,102,MM 103.1,40.239003, -74.089231,Garden State Parkway S Exit 102
"POINT (-74.098989 40.221557)",GSP,S,EXIT,100b,MM 101.8,40.221557, -74.098989,Garden State Parkway S Exit 100b
"POINT (-74.099067 40.213732)",GSP,S,EXIT,100a,MM 101.2,40.213732, -74.099067,Garden State Parkway S Exit 100a
"POINT (-74.100955 40.177678)",GSP,S,EXIT,98,MM 98.7,40.177678, -74.100955,Garden State Parkway S Exit 98
"POINT (-74.137169 40.105537)",GSP,S,EXIT,91ba,MM 93.2,40.105537, -74.137169,Garden State Parkway S Exit 91ba
"POINT (-74.140529 40.100837)",GSP,S,EXIT,91b,MM 91,40.100837, -74.140529,Garden State Parkway S Exit 91b
"POINT (-74.143332 40.096462)",GSP,S,EXIT,91a,MM 91,40.096462, -74.143332,Garden State Parkway S Exit 91a
"POINT (-74.161487 40.066986)",GSP,S,EXIT,89cba,MM 90.2,40.066986, -74.161487,Garden State Parkway S Exit 89cba
"POINT (-74.16427 40.063329)",GSP,S,EXIT,89c,MM 89,40.063329, -74.164270,Garden State Parkway S Exit 89c
"POINT (-74.169616 40.053659)",GSP,S,EXIT,89a,MM 89,40.053659, -74.169616,Garden State Parkway S Exit 89a
"POINT (-74.166709 40.057736)",GSP,S,EXIT,89b,MM 89,40.057736, -74.166709,Garden State Parkway S Exit 89b
"POINT (-74.212012 39.984194)",GSP,N,EXIT,83,MM 83.9,39.984194, -74.212012,Garden State Parkway N Exit 83
"POINT (-74.207576 39.96675)",GSP,S,EXIT,82A,MM 82.5,39.966750, -74.207576,Garden State Parkway S Exit 82A
"POINT (-74.206583 39.96429)",GSP,N,EXIT,82A,MM 82.4,39.964290, -74.206583,Garden State Parkway N Exit 82A
"POINT (-74.206767 39.963564)",GSP,S,EXIT,82,MM 82.3,39.963564, -74.206767,Garden State Parkway S Exit 82
"POINT (-74.206107 39.961213)",GSP,N,EXIT,82,MM 82.2,39.961213, -74.206107,Garden State Parkway N Exit 82
"POINT (-74.206477 39.956553)",GSP,S,EXIT,81,MM 81.8,39.956553, -74.206477,Garden State Parkway S Exit 81
"POINT (-74.206536 39.954394)",GSP,N,EXIT,81,MM 81.7,39.954394, -74.206536,Garden State Parkway N Exit 81
"POINT (-74.209109 39.942068)",GSP,S,EXIT,80,MM 80.1,39.942068, -74.209109,Garden State Parkway S Exit 80
"POINT (-74.212602 39.908948)",GSP,S,EXIT,77,MM 78.5,39.908948, -74.212602,Garden State Parkway S Exit 77
"POINT (-74.21208 39.889933)",GSP,N,EXIT,77,MM 77.3,39.889933, -74.212080,Garden State Parkway N Exit 77
"POINT (-74.220399 39.862604)",GSP,S,EXIT,74,MM 75.2,39.862604, -74.220399,Garden State Parkway S Exit 74
"POINT (-74.221228 39.860016)",GSP,N,EXIT,74,MM 75.1,39.860016, -74.221228,Garden State Parkway N Exit 74
"POINT (-74.23742 39.794421)",GSP,S,EXIT,69,MM 70.4,39.794421, -74.237420,Garden State Parkway S Exit 69
"POINT (-74.237649 39.791492)",GSP,N,EXIT,69,MM 70.2,39.791492, -74.237649,Garden State Parkway N Exit 69
"POINT (-74.250851 39.76162)",GSP,S,EXIT,67b,MM 67.9,39.761620, -74.250851,Garden State Parkway S Exit 67b
"POINT (-74.250925 39.754436)",GSP,N,EXIT,67,MM 67.6,39.754436, -74.250925,Garden State Parkway N Exit 67
"POINT (-74.251811 39.756861)",GSP,S,EXIT,67a,MM 67.6,39.756861, -74.251811,Garden State Parkway S Exit 67a
"POINT (-74.278159 39.712219)",GSP,N,EXIT,63b,MM 64.2,39.712219, -74.278159,Garden State Parkway N Exit 63b
"POINT (-74.280468 39.712067)",GSP,S,EXIT,63,MM 64.1,39.712067, -74.280468,Garden State Parkway S Exit 63
"POINT (-74.282561 39.708017)",GSP,N,EXIT,63a,MM 63.9,39.708017, -74.282561,Garden State Parkway N Exit 63a
"POINT (-74.34114 39.655455)",GSP,S,EXIT,58,MM 58.9,39.655455, -74.341140,Garden State Parkway S Exit 58
"POINT (-74.347725 39.651389)",GSP,N,EXIT,58,MM 58.5,39.651389, -74.347725,Garden State Parkway N Exit 58
"POINT (-74.431382 39.608971)",GSP,S,EXIT,52,MM 53.1,39.608971, -74.431382,Garden State Parkway S Exit 52
"POINT (-74.45706 39.580181)",GSP,N,EXIT,50,MM 50.7,39.580181, -74.457060,Garden State Parkway N Exit 50
"POINT (-74.466936 39.547259)",GSP,S,EXIT,48,MM 48.3,39.547259, -74.466936,Garden State Parkway S Exit 48
"POINT (-74.519825 39.510565)",GSP,S,EXIT,44,MM 44.3,39.510565, -74.519825,Garden State Parkway S Exit 44
"POINT (-74.518907 39.506826)",GSP,N,EXIT,44,MM 44.1,39.506826, -74.518907,Garden State Parkway N Exit 44
"POINT (-74.5281 39.470255)",GSP,N,EXIT,41,MM 41.4,39.470255, -74.528100,Garden State Parkway N Exit 41
"POINT (-74.526784 39.478986)",GSP,S,EXIT,41,MM 41,39.478986, -74.526784,Garden State Parkway S Exit 41
"POINT (-74.536957 39.451323)",GSP,S,EXIT,40,MM 40,39.451323, -74.536957,Garden State Parkway S Exit 40
"POINT (-74.551633 39.417371)",GSP,S,EXIT,38b,MM 37.5,39.417371, -74.551633,Garden State Parkway S Exit 38b
"POINT (-74.552352 39.414668)",GSP,N,EXIT,38b,MM 37.3,39.414668, -74.552352,Garden State Parkway N Exit 38b
"POINT (-74.553964 39.413362)",GSP,S,EXIT,38a,MM 37.2,39.413362, -74.553964,Garden State Parkway S Exit 38a
"POINT (-74.554844 39.41043)",GSP,N,EXIT,38a,MM 37,39.410430, -74.554844,Garden State Parkway N Exit 38a
"POINT (-74.561471 39.398011)",GSP,S,EXIT,36,MM 36,39.398011, -74.561471,Garden State Parkway S Exit 36
"POINT (-74.565901 39.39153)",GSP,N,EXIT,36,MM 35.6,39.391530, -74.565901,Garden State Parkway N Exit 36
"POINT (-74.616054 39.32562)",GSP,S,EXIT,30,MM 30.1,39.325620, -74.616054,Garden State Parkway S Exit 30
"POINT (-74.121596 40.891727)",GSP,N,EXIT,157,MM 158.7,40.891727, -74.121596,Garden State Parkway N Exit 157
"POINT (-74.118696 40.89495)",GSP,S,EXIT,157,MM 158.9,40.894950, -74.118696,Garden State Parkway S Exit 157
"POINT (-74.104088 40.905717)",GSP,N,EXIT,159,MM 160.1,40.905717, -74.104088,Garden State Parkway N Exit 159
"POINT (-74.100373 40.90762)",GSP,S,EXIT,159,MM 160.2,40.907620, -74.100373,Garden State Parkway S Exit 159
"POINT (-74.087877 40.917498)",GSP,N,EXIT,160,MM 161.3,40.917498, -74.087877,Garden State Parkway N Exit 160
"POINT (-74.072449 40.936194)",GSP,N,EXIT,163,MM 163,40.936194, -74.072449,Garden State Parkway N Exit 163
"POINT (-74.068728 40.942989)",GSP,S,EXIT,163,MM 163.4,40.942989, -74.068728,Garden State Parkway S Exit 163
"POINT (-74.065795 40.958011)",GSP,N,EXIT,165a-b,MM 164.6,40.958011, -74.065795,Garden State Parkway N Exit 165a-b
"POINT (-74.065639 40.967863)",GSP,S,EXIT,165b-a,MM 165.1,40.967863, -74.065639,Garden State Parkway S Exit 165b-a
"POINT (-74.070776 40.976635)",GSP,S,EXIT,166,MM 165.8,40.976635, -74.070776,Garden State Parkway S Exit 166
"POINT (-74.071605 40.996476)",GSP,N,EXIT,168,MM 167.3,40.996476, -74.071605,Garden State Parkway N Exit 168
"POINT (-74.070278 41.033783)",GSP,N,EXIT,171,MM 170,41.033783, -74.070278,Garden State Parkway N Exit 171
"POINT (-74.065106 41.053418)",GSP,N,EXIT,172,MM 171.4,41.053418, -74.065106,Garden State Parkway N Exit 172
"POINT (-74.052248 41.073462)",GSPC,S,EXIT,CHESNUT RIDGE,,41.073462, -74.052248,Garden State Parkway S Exit CHESNUT RIDGE
"POINT (-74.040555 41.089714)",GSPC,N,EXIT,14b,MM 164.6,41.089714, -74.040555,Garden State Parkway N Exit 14b
